{
  "lang":"en",
  "name":"pipeline",
  "version":"0.0.0",
  "spacy_version":">=3.5.3,<3.6.0",
  "description":"",
  "author":"",
  "email":"",
  "url":"",
  "license":"",
  "spacy_git_version":"Unknown",
  "vectors":{
    "width":0,
    "vectors":0,
    "keys":0,
    "name":null,
    "mode":"default"
  },
  "labels":{
    "tok2vec":[

    ],
    "ner":[
      "ADDRESS",
      "AMOUNT",
      "COUNTRY",
      "DATE",
      "DESCRIPTION",
      "EMAIL",
      "INVOICE/BILL_NO",
      "MOBILE_NO",
      "NAME",
      "QUANTITY",
      "RATE",
      "STATE",
      "TAX_TYPE",
      "TIME",
      "TYPE_OF_BILL"
    ]
  },
  "pipeline":[
    "tok2vec",
    "ner"
  ],
  "components":[
    "tok2vec",
    "ner"
  ],
  "disabled":[

  ],
  "performance":{
    "ents_f":0.910962911,
    "ents_p":0.9149236193,
    "ents_r":0.9070363467,
    "ents_per_type":{
      "TYPE_OF_BILL":{
        "p":0.9565217391,
        "r":0.8979591837,
        "f":0.9263157895
      },
      "NAME":{
        "p":0.9072164948,
        "r":0.9282700422,
        "f":0.9176225235
      },
      "INVOICE/BILL_NO":{
        "p":0.9674796748,
        "r":0.85,
        "f":0.9049429658
      },
      "EMAIL":{
        "p":0.9777777778,
        "r":0.967032967,
        "f":0.9723756906
      },
      "DATE":{
        "p":0.9691943128,
        "r":0.99031477,
        "f":0.9796407186
      },
      "MOBILE_NO":{
        "p":0.9098360656,
        "r":0.874015748,
        "f":0.8915662651
      },
      "TIME":{
        "p":1.0,
        "r":1.0,
        "f":1.0
      },
      "DESCRIPTION":{
        "p":0.8875838926,
        "r":0.8772802653,
        "f":0.8824020017
      },
      "QUANTITY":{
        "p":0.8523489933,
        "r":0.8581081081,
        "f":0.8552188552
      },
      "AMOUNT":{
        "p":0.9277003484,
        "r":0.9433126661,
        "f":0.9354413702
      },
      "RATE":{
        "p":0.9297520661,
        "r":0.8823529412,
        "f":0.9054325956
      },
      "ADDRESS":{
        "p":0.8619329389,
        "r":0.8092592593,
        "f":0.8347659981
      },
      "STATE":{
        "p":0.9173553719,
        "r":0.925,
        "f":0.9211618257
      },
      "TAX_TYPE":{
        "p":0.8923076923,
        "r":0.9133858268,
        "f":0.9027237354
      },
      "COUNTRY":{
        "p":0.9642857143,
        "r":0.9310344828,
        "f":0.9473684211
      }
    },
    "tok2vec_loss":790.5519373014,
    "ner_loss":5338.6496444244
  }
}