{
  "lang":"en",
  "name":"pipeline",
  "version":"0.0.0",
  "spacy_version":">=3.5.1,<3.6.0",
  "description":"",
  "author":"",
  "email":"",
  "url":"",
  "license":"",
  "spacy_git_version":"Unknown",
  "vectors":{
    "width":0,
    "vectors":0,
    "keys":0,
    "name":null,
    "mode":"default"
  },
  "labels":{
    "tok2vec":[

    ],
    "ner":[
      "ADDRESS",
      "AMOUNT",
      "COUNTRY",
      "DATE",
      "DESCRIPTION",
      "EMAIL",
      "INVOICE/BILL_NO",
      "MOBILE_NO",
      "NAME",
      "QUANTITY",
      "RATE",
      "STATE",
      "TIME",
      "TYPE_OF_BILL"
    ]
  },
  "pipeline":[
    "tok2vec",
    "ner"
  ],
  "components":[
    "tok2vec",
    "ner"
  ],
  "disabled":[

  ],
  "performance":{
    "ents_f":0.9695898161,
    "ents_p":0.9567341242,
    "ents_r":0.9827956989,
    "ents_per_type":{
      "TYPE_OF_BILL":{
        "p":1.0,
        "r":1.0,
        "f":1.0
      },
      "NAME":{
        "p":0.9509803922,
        "r":0.9603960396,
        "f":0.9556650246
      },
      "INVOICE/BILL_NO":{
        "p":0.9655172414,
        "r":0.9655172414,
        "f":0.9655172414
      },
      "EMAIL":{
        "p":1.0,
        "r":1.0,
        "f":1.0
      },
      "DATE":{
        "p":0.9921875,
        "r":1.0,
        "f":0.9960784314
      },
      "MOBILE_NO":{
        "p":0.9830508475,
        "r":1.0,
        "f":0.9914529915
      },
      "TIME":{
        "p":1.0,
        "r":1.0,
        "f":1.0
      },
      "DESCRIPTION":{
        "p":0.9952380952,
        "r":0.976635514,
        "f":0.9858490566
      },
      "QUANTITY":{
        "p":0.9423076923,
        "r":0.9898989899,
        "f":0.9655172414
      },
      "AMOUNT":{
        "p":0.9115281501,
        "r":0.9798270893,
        "f":0.9444444444
      },
      "RATE":{
        "p":0.9811320755,
        "r":0.9811320755,
        "f":0.9811320755
      },
      "ADDRESS":{
        "p":0.9657142857,
        "r":0.9825581395,
        "f":0.9740634006
      },
      "STATE":{
        "p":0.8148148148,
        "r":1.0,
        "f":0.8979591837
      },
      "COUNTRY":{
        "p":1.0,
        "r":1.0,
        "f":1.0
      }
    },
    "tok2vec_loss":311.8939786126,
    "ner_loss":1968.5604128264
  }
}