{
  "lang":"en",
  "name":"pipeline",
  "version":"0.0.0",
  "spacy_version":">=3.5.3,<3.6.0",
  "description":"",
  "author":"",
  "email":"",
  "url":"",
  "license":"",
  "spacy_git_version":"Unknown",
  "vectors":{
    "width":0,
    "vectors":0,
    "keys":0,
    "name":null,
    "mode":"default"
  },
  "labels":{
    "tok2vec":[

    ],
    "ner":[
      "ADDRESS",
      "AMOUNT",
      "COUNTRY",
      "DATE",
      "DESCRIPTION",
      "EMAIL",
      "INVOICE/BILL_NO",
      "MOBILE_NO",
      "NAME",
      "QUANTITY",
      "RATE",
      "STATE",
      "TAX_TYPE",
      "TIME",
      "TYPE_OF_BILL"
    ]
  },
  "pipeline":[
    "tok2vec",
    "ner"
  ],
  "components":[
    "tok2vec",
    "ner"
  ],
  "disabled":[

  ],
  "performance":{
    "ents_f":0.9090909091,
    "ents_p":0.903753166,
    "ents_r":0.9144920783,
    "ents_per_type":{
      "TYPE_OF_BILL":{
        "p":0.8545454545,
        "r":0.9591836735,
        "f":0.9038461538
      },
      "NAME":{
        "p":0.8930693069,
        "r":0.9514767932,
        "f":0.9213483146
      },
      "INVOICE/BILL_NO":{
        "p":0.8965517241,
        "r":0.9285714286,
        "f":0.9122807018
      },
      "EMAIL":{
        "p":0.9777777778,
        "r":0.967032967,
        "f":0.9723756906
      },
      "DATE":{
        "p":0.9603729604,
        "r":0.9975786925,
        "f":0.9786223278
      },
      "MOBILE_NO":{
        "p":0.9032258065,
        "r":0.8818897638,
        "f":0.8924302789
      },
      "TIME":{
        "p":1.0,
        "r":1.0,
        "f":1.0
      },
      "DESCRIPTION":{
        "p":0.8926746167,
        "r":0.8689883914,
        "f":0.8806722689
      },
      "QUANTITY":{
        "p":0.8011695906,
        "r":0.9256756757,
        "f":0.8589341693
      },
      "AMOUNT":{
        "p":0.965648855,
        "r":0.8963684677,
        "f":0.9297197979
      },
      "RATE":{
        "p":0.9031007752,
        "r":0.9137254902,
        "f":0.9083820663
      },
      "ADDRESS":{
        "p":0.8076256499,
        "r":0.862962963,
        "f":0.8343777977
      },
      "STATE":{
        "p":0.8984375,
        "r":0.9583333333,
        "f":0.9274193548
      },
      "TAX_TYPE":{
        "p":0.8333333333,
        "r":0.9842519685,
        "f":0.9025270758
      },
      "COUNTRY":{
        "p":0.9482758621,
        "r":0.9482758621,
        "f":0.9482758621
      }
    },
    "tok2vec_loss":612.2121168054,
    "ner_loss":5055.603439693
  }
}