{
  "lang":"en",
  "name":"pipeline",
  "version":"0.0.0",
  "spacy_version":">=3.5.2,<3.6.0",
  "description":"",
  "author":"",
  "email":"",
  "url":"",
  "license":"",
  "spacy_git_version":"Unknown",
  "vectors":{
    "width":0,
    "vectors":0,
    "keys":0,
    "name":null,
    "mode":"default"
  },
  "labels":{
    "tok2vec":[

    ],
    "ner":[
      "ADDRESS",
      "AMOUNT",
      "COUNTRY",
      "DATE",
      "DESCRIPTION",
      "EMAIL",
      "INVOICE/BILL_NO",
      "MOBILE_NO",
      "NAME",
      "QUANTITY",
      "RATE",
      "STATE",
      "TIME",
      "TYPE_OF_BILL"
    ]
  },
  "pipeline":[
    "tok2vec",
    "ner"
  ],
  "components":[
    "tok2vec",
    "ner"
  ],
  "disabled":[

  ],
  "performance":{
    "ents_f":0.9687953556,
    "ents_p":0.9808963997,
    "ents_r":0.9569892473,
    "ents_per_type":{
      "TYPE_OF_BILL":{
        "p":1.0,
        "r":1.0,
        "f":1.0
      },
      "NAME":{
        "p":0.9893617021,
        "r":0.9207920792,
        "f":0.9538461538
      },
      "INVOICE/BILL_NO":{
        "p":0.9821428571,
        "r":0.9482758621,
        "f":0.9649122807
      },
      "EMAIL":{
        "p":1.0,
        "r":1.0,
        "f":1.0
      },
      "DATE":{
        "p":1.0,
        "r":0.9921259843,
        "f":0.9960474308
      },
      "MOBILE_NO":{
        "p":0.9830508475,
        "r":1.0,
        "f":0.9914529915
      },
      "TIME":{
        "p":1.0,
        "r":1.0,
        "f":1.0
      },
      "DESCRIPTION":{
        "p":0.9952380952,
        "r":0.976635514,
        "f":0.9858490566
      },
      "QUANTITY":{
        "p":0.9893617021,
        "r":0.9393939394,
        "f":0.9637305699
      },
      "AMOUNT":{
        "p":0.9752321981,
        "r":0.9077809798,
        "f":0.9402985075
      },
      "RATE":{
        "p":0.9722222222,
        "r":0.9905660377,
        "f":0.9813084112
      },
      "ADDRESS":{
        "p":0.9657142857,
        "r":0.9825581395,
        "f":0.9740634006
      },
      "STATE":{
        "p":0.84,
        "r":0.9545454545,
        "f":0.8936170213
      },
      "COUNTRY":{
        "p":1.0,
        "r":1.0,
        "f":1.0
      }
    },
    "tok2vec_loss":228.4559321518,
    "ner_loss":1813.0872125055
  }
}